ID,Customer_ID,Customer_Name,Segment
1,AA10315,Alex Avila,Consumer
2,AA10375,Allen Armold,Consumer
3,AA10480,Andrew Allen,Consumer
4,AA10645,Anna Andreadi,Consumer
5,AB10015,Aaron Bergman,Consumer
6,AB10060,Adam Bellavance,Home Office
7,AB10105,Adrian Barton,Consumer
8,AB10150,Aimee Bixby,Consumer
9,AB10165,Alan Barnes,Consumer
10,AB10255,Alejandro Ballentine,Home Office
11,AB10600,Ann Blume,Corporate
12,AC10420,Alyssa Crouse,Corporate
13,AC10450,Amy Cox,Consumer
14,AC10615,Ann Chong,Corporate
15,AC10660,Anna Chung,Consumer
16,AD10180,Alan Dominguez,Home Office
17,AF10870,Art Ferguson,Consumer
18,AF10885,Art Foster,Consumer
19,AG10270,Alejandro Grove,Consumer
20,AG10300,Aleksandra Gannaway,Corporate
21,AG10330,Alex Grayson,Consumer
22,AG10390,Allen Goldenen,Consumer
23,AG10495,Andrew Gjertsen,Corporate
24,AG10525,Andy Gerbode,Corporate
25,AG10675,Anna Gayman,Consumer
26,AG10765,Anthony Garverick,Home Office
27,AG10900,Arthur Gainer,Consumer
28,AH10030,Aaron Hawkins,Corporate
29,AH10075,Adam Hart,Corporate
30,AH10120,Adrian Hane,Home Office
31,AH10195,Alan Haines,Corporate
32,AH10210,Alan Hwang,Consumer
33,AH10465,Amy Hunt,Consumer
34,AH10585,Angele Hood,Consumer
35,AH10690,Anna Häberlin,Corporate
36,AI10855,Arianne Irving,Consumer
37,AJ10780,Anthony Jacobs,Corporate
38,AJ10795,Anthony Johnson,Corporate
39,AJ10945,Ashley Jarboe,Consumer
40,AJ10960,Astrea Jones,Consumer
41,AM10360,Alice McCarthy,Corporate
42,AM10705,Anne McFarland,Consumer
43,AO10810,Anthony O'Donnell,Corporate
44,AP10720,Anne Pryor,Home Office
45,AP10915,Arthur Prichep,Consumer
46,AR10345,Alex Russell,Corporate
47,AR10405,Allen Rosenblatt,Corporate
48,AR10510,Andrew Roberts,Consumer
49,AR10540,Andy Reiter,Consumer
50,AR10570,Anemone Ratner,Consumer
51,AR10825,Anthony Rawles,Corporate
52,AS10045,Aaron Smayling,Corporate
53,AS10090,Adam Shillingsburg,Consumer
54,AS10135,Adrian Shami,Home Office
55,AS10225,Alan Schoenberger,Corporate
56,AS10240,Alan Shonely,Consumer
57,AS10285,Alejandro Savely,Corporate
58,AS10630,Ann Steele,Home Office
59,AT10435,Alyssa Tate,Home Office
60,AT10735,Annie Thurman,Consumer
61,AW10840,Anthony Witt,Consumer
62,AW10930,Arthur Wiediger,Home Office
63,AY10555,Andy Yotov,Corporate
64,AZ10750,Annie Zypern,Consumer
65,BB10990,Barry Blumstein,Corporate
66,BB11545,Brenda Bowman,Corporate
67,BC11125,Becky Castell,Home Office
68,BD11320,Bill Donatelli,Consumer
69,BD11500,Bradley Drucker,Consumer
70,BD11560,Brendan Dodson,Home Office
71,BD11605,Brian Dahlen,Consumer
72,BD11620,Brian DeCherney,Consumer
73,BD11635,Brian Derr,Consumer
74,BD11725,Bruce Degenhardt,Consumer
75,BD11770,Bryan Davis,Consumer
76,BE11335,Bill Eplett,Home Office
77,BE11410,Bobby Elias,Consumer
78,BE11455,Brad Eason,Home Office
79,BF10975,Barbara Fisher,Corporate
80,BF11005,Barry Franz,Home Office
81,BF11020,Barry Französisch,Corporate
82,BF11080,Bart Folk,Consumer
83,BF11170,Ben Ferrer,Home Office
84,BF11215,Benjamin Farhat,Home Office
85,BF11275,Beth Fritzler,Corporate
86,BG11035,Barry Gonzalez,Consumer
87,BG11695,Brooke Gillingham,Corporate
88,BG11740,Bruce Geld,Consumer
89,BH11710,Brosina Hoffman,Consumer
90,BK11260,Berenike Kampe,Consumer
91,BM11140,Becky Martin,Consumer
92,BM11575,Brendan Murry,Corporate
93,BM11650,Brian Moss,Corporate
94,BM11785,Bryan Mills,Consumer
95,BN11470,Brad Norvell,Corporate
96,BN11515,Bradley Nguyen,Consumer
97,BO11350,Bill Overfelt,Corporate
98,BO11425,Bobby Odegard,Consumer
99,BP11050,Barry Pond,Corporate
100,BP11095,Bart Pistole,Corporate
101,BP11155,Becky Pak,Consumer
102,BP11185,Ben Peterman,Corporate
103,BP11230,Benjamin Patterson,Consumer
104,BP11290,Beth Paige,Consumer
105,BS11365,Bill Shonely,Corporate
106,BS11380,Bill Stewart,Corporate
107,BS11590,Brendan Sweed,Corporate
108,BS11665,Brian Stugart,Consumer
109,BS11755,Bruce Stewart,Consumer
110,BS11800,Bryan Spruell,Home Office
111,BT11305,Beth Thompson,Home Office
112,BT11395,Bill Tyler,Corporate
113,BT11440,Bobby Trafton,Consumer
114,BT11485,Brad Thomas,Home Office
115,BT11530,Bradley Talbott,Home Office
116,BT11680,Brian Thompson,Consumer
117,BV11245,Benjamin Venier,Corporate
118,BW11065,Barry Weirich,Consumer
119,BW11110,Bart Watters,Corporate
120,BW11200,Ben Wallace,Consumer
121,CA11965,Carol Adams,Corporate
122,CA12055,Cathy Armstrong,Home Office
123,CA12265,Christina Anderson,Consumer
124,CA12310,Christine Abelman,Corporate
125,CA12775,Cynthia Arntzen,Consumer
126,CB12025,Cassandra Brandow,Consumer
127,CB12415,Christy Brittain,Consumer
128,CB12535,Claudia Bergmann,Corporate
129,CC12100,Chad Cunningham,Home Office
130,CC12145,Charles Crestani,Consumer
131,CC12220,Chris Cortes,Consumer
132,CC12370,Christopher Conant,Consumer
133,CC12430,Chuck Clark,Home Office
134,CC12475,Cindy Chapman,Consumer
135,CC12550,Clay Cheatham,Consumer
136,CC12610,Corey Catlett,Corporate
137,CC12670,Craig Carreira,Consumer
138,CC12685,Craig Carroll,Consumer
139,CD11920,Carlos Daly,Consumer
140,CD11980,Carol Darley,Consumer
141,CD12280,Christina DeMoss,Consumer
142,CD12790,Cynthia Delaney,Home Office
143,CG12040,Catherine Glotzbach,Home Office
144,CG12520,Claire Gute,Consumer
145,CH12070,Cathy Hwang,Home Office
146,CJ11875,Carl Jackson,Corporate
147,CJ12010,Caroline Jumper,Consumer
148,CK12205,Chloris Kastensmidt,Consumer
149,CK12325,Christine Kargatis,Home Office
150,CK12595,Clytie Kelty,Consumer
151,CK12760,Cyma Kinney,Corporate
152,CL11890,Carl Ludwig,Consumer
153,CL12565,Clay Ludtke,Consumer
154,CL12700,Craig Leslie,Home Office
155,CM11815,Candace McMahon,Corporate
156,CM11935,Carlos Meador,Consumer
157,CM12115,Chad McGuire,Consumer
158,CM12160,Charles McCrossin,Consumer
159,CM12190,Charlotte Melton,Consumer
160,CM12235,Chris McAfee,Consumer
161,CM12385,Christopher Martinez,Consumer
162,CM12445,Chuck Magee,Consumer
163,CM12655,Corinna Mitchell,Home Office
164,CM12715,Craig Molinari,Corporate
165,Co12640,Corey-Lock,Consumer
166,CP12085,Cathy Prescott,Corporate
167,CP12340,Christine Phan,Corporate
168,CR12580,Clay Rozendal,Home Office
169,CR12625,Corey Roper,Home Office
170,CR12730,Craig Reiter,Consumer
171,CR12820,Cyra Reiten,Home Office
172,CS11845,Cari Sayre,Corporate
173,CS11860,Cari Schnelling,Consumer
174,CS11950,Carlos Soltero,Consumer
175,CS12130,Chad Sievert,Consumer
176,CS12175,Charles Sheldon,Corporate
177,CS12250,Chris Selesnick,Corporate
178,CS12355,Christine Sundaresam,Consumer
179,CS12400,Christopher Schild,Home Office
180,CS12460,Chuck Sachs,Consumer
181,CS12490,Cindy Schnelling,Corporate
182,CS12505,Cindy Stewart,Consumer
183,CT11995,Carol Triggs,Consumer
184,CV12295,Christina VanderZanden,Consumer
185,CV12805,Cynthia Voltz,Corporate
186,CW11905,Carl Weiss,Home Office
187,CY12745,Craig Yedwab,Corporate
188,DA13450,Dianna Arnett,Home Office
189,DB12910,Daniel Byrd,Home Office
190,DB12970,Darren Budd,Corporate
191,DB13060,Dave Brooks,Consumer
192,DB13120,David Bremer,Corporate
193,DB13210,Dean Braden,Consumer
194,DB13270,Deborah Brumfield,Home Office
195,DB13360,Dennis Bolton,Home Office
196,DB13405,Denny Blanton,Consumer
197,DB13555,Dorothy Badders,Corporate
198,DB13615,Doug Bickford,Consumer
199,DB13660,Duane Benoit,Consumer
200,DC12850,Dan Campbell,Consumer
201,DC13285,Debra Catini,Consumer
202,DD13570,Dorothy Dickinson,Consumer
203,DE13255,Deanra Eno,Home Office
204,DF13135,David Flashing,Consumer
205,DG13300,Deirdre Greer,Corporate
206,DH13075,Dave Hallsten,Corporate
207,DH13675,Duane Huffman,Home Office
208,DJ13420,Denny Joy,Corporate
209,DJ13510,Don Jones,Corporate
210,DJ13630,Doug Jacobs,Consumer
211,DK12835,Damala Kotsonis,Corporate
212,DK12895,Dana Kaydos,Consumer
213,DK12985,Darren Koutras,Consumer
214,DK13090,Dave Kipp,Consumer
215,DK13150,David Kendrick,Corporate
216,DK13225,Dean Katz,Corporate
217,DK13375,Dennis Kane,Consumer
218,DL12865,Dan Lawera,Consumer
219,DL12925,Daniel Lacy,Consumer
220,DL13315,Delfina Latchford,Consumer
221,DL13330,Denise Leinenbach,Consumer
222,DL13495,Dionis Lloyd,Corporate
223,Dl13600,Dorris liebe,Corporate
224,DM12955,Dario Medina,Corporate
225,DM13015,Darrin Martin,Consumer
226,DM13345,Denise Monton,Corporate
227,DM13525,Don Miller,Corporate
228,DN13690,Duane Noonan,Consumer
229,DO13435,Denny Ordway,Consumer
230,DO13645,Doug O'Connell,Consumer
231,DP13000,Darren Powers,Consumer
232,DP13105,Dave Poirier,Corporate
233,DP13165,David Philippe,Consumer
234,Dp13240,Dean percer,Home Office
235,DP13390,Dennis Pardue,Home Office
236,DR12880,Dan Reichenbach,Corporate
237,DR12940,Daniel Raglin,Home Office
238,DS13030,Darrin Sayre,Home Office
239,DS13180,David Smith,Corporate
240,DV13045,Darrin Van Huff,Corporate
241,DV13465,Dianna Vittorini,Consumer
242,DW13195,David Wiener,Corporate
243,DW13480,Dianna Wilson,Home Office
244,DW13540,Don Weiss,Consumer
245,DW13585,Dorothy Wardle,Corporate
246,EA14035,Erin Ashbrook,Corporate
247,EB13705,Ed Braxton,Corporate
248,EB13750,Edward Becker,Corporate
249,EB13840,Ellis Ballard,Corporate
250,EB13870,Emily Burns,Consumer
251,EB13930,Eric Barreto,Consumer
252,EB13975,Erica Bern,Corporate
253,EB14110,Eugene Barchas,Consumer
254,EB14170,Evan Bailliet,Consumer
255,EC14050,Erin Creighton,Consumer
256,ED13885,Emily Ducich,Home Office
257,EG13900,Emily Grady,Consumer
258,EH13765,Edward Hooks,Corporate
259,EH13945,Eric Hoffmann,Consumer
260,EH13990,Erica Hackney,Consumer
261,EH14005,Erica Hernandez,Home Office
262,EH14125,Eugene Hildebrand,Home Office
263,EH14185,Evan Henry,Consumer
264,EJ13720,Ed Jacobs,Consumer
265,EJ14155,Eva Jacobs,Consumer
266,EK13795,Eileen Kiefer,Home Office
267,EL13735,Ed Ludwig,Home Office
268,EM13810,Eleni McCrary,Corporate
269,EM13825,Elizabeth Moffitt,Corporate
270,EM13960,Eric Murdock,Consumer
271,EM14065,Erin Mull,Consumer
272,EM14095,Eudokia Martin,Corporate
273,EM14140,Eugene Moren,Home Office
274,EM14200,Evan Minnotte,Home Office
275,EN13780,Edward Nazzal,Consumer
276,EP13915,Emily Phan,Consumer
277,ER13855,Elpida Rittenbach,Corporate
278,ES14020,Erica Smith,Consumer
279,ES14080,Erin Smith,Corporate
280,FA14230,Frank Atkinson,Corporate
281,FC14245,Frank Carlisle,Home Office
282,FC14335,Fred Chung,Corporate
283,FG14260,Frank Gastineau,Home Office
284,FH14275,Frank Hawley,Corporate
285,FH14350,Fred Harton,Consumer
286,FH14365,Fred Hopkins,Corporate
287,FM14215,Filia McAdams,Corporate
288,FM14290,Frank Merwin,Home Office
289,FM14380,Fred McMath,Consumer
290,FO14305,Frank Olsen,Consumer
291,FP14320,Frank Preis,Consumer
292,FW14395,Fred Wasserman,Corporate
293,GA14515,George Ashbrook,Consumer
294,GA14725,Guy Armstrong,Consumer
295,GB14530,George Bell,Corporate
296,GB14575,Giulietta Baptist,Consumer
297,GD14590,Giulietta Dortch,Corporate
298,GG14650,Greg Guthrie,Corporate
299,GH14410,Gary Hansen,Home Office
300,GH14425,Gary Hwang,Consumer
301,GH14485,Gene Hale,Corporate
302,GH14665,Greg Hansen,Consumer
303,GK14620,Grace Kelly,Corporate
304,GM14440,Gary McGarr,Consumer
305,GM14455,Gary Mitchum,Home Office
306,GM14500,Gene McClure,Consumer
307,GM14680,Greg Matthias,Consumer
308,GM14695,Greg Maxwell,Corporate
309,GP14740,Guy Phonely,Corporate
310,GR14560,Georgia Rosenberg,Corporate
311,GT14635,Grant Thornton,Corporate
312,GT14710,Greg Tran,Consumer
313,GT14755,Guy Thornton,Consumer
314,GW14605,Giulietta Weimer,Consumer
315,GZ14470,Gary Zandusky,Consumer
316,GZ14545,George Zrebassa,Corporate
317,HA14905,Helen Abelman,Consumer
318,HA14920,Helen Andreada,Consumer
319,HD14785,Harold Dahlen,Home Office
320,HE14800,Harold Engle,Corporate
321,HF14995,Herbert Flentye,Consumer
322,HG14845,Harry Greene,Consumer
323,HG14965,Henry Goldwyn,Corporate
324,HG15025,Hunter Glantz,Consumer
325,HH15010,Hilary Holden,Corporate
326,HJ14875,Heather Jas,Home Office
327,HK14890,Heather Kirkland,Corporate
328,HL15040,Hunter Lopez,Consumer
329,HM14860,Harry Marie,Corporate
330,HM14980,Henry MacAllister,Consumer
331,HP14815,Harold Pawlan,Home Office
332,HR14770,Hallie Redmond,Home Office
333,HR14830,Harold Ryan,Corporate
334,HW14935,Helen Wasserman,Corporate
335,HZ14950,Henia Zydlo,Consumer
336,IG15085,Ivan Gibson,Consumer
337,IL15100,Ivan Liston,Consumer
338,IM15055,Ionia McGrath,Consumer
339,IM15070,Irene Maddox,Consumer
340,JA15970,Joseph Airdo,Consumer
341,JB15400,Jennifer Braxton,Corporate
342,JB15925,Joni Blumstein,Consumer
343,JB16000,Joy Bell-,Consumer
344,JB16045,Julia Barnett,Home Office
345,JC15340,Jasper Cacioppo,Consumer
346,JC15385,Jenna Caffey,Consumer
347,JC15775,John Castell,Consumer
348,JC16105,Julie Creighton,Corporate
349,JD15790,John Dryer,Consumer
350,JD15895,Jonathan Doherty,Corporate
351,JD16015,Joy Daniels,Consumer
352,JD16060,Julia Dunbar,Consumer
353,JD16150,Justin Deggeller,Corporate
354,JE15475,Jeremy Ellison,Consumer
355,JE15610,Jim Epp,Corporate
356,JE15715,Joe Elijah,Consumer
357,JE15745,Joel Eaton,Consumer
358,JE16165,Justin Ellison,Corporate
359,JF15190,Jamie Frazer,Consumer
360,JF15295,Jason Fortune-,Consumer
361,JF15355,Jay Fein,Consumer
362,JF15415,Jennifer Ferguson,Consumer
363,JF15490,Jeremy Farry,Consumer
364,JF15565,Jill Fjeld,Consumer
365,JG15115,Jack Garza,Consumer
366,JG15160,James Galang,Consumer
367,JG15310,Jason Gross,Corporate
368,JG15805,John Grady,Corporate
369,JH15430,Jennifer Halladay,Consumer
370,JH15820,John Huston,Consumer
371,JH15910,Jonathan Howell,Consumer
372,JH15985,Joseph Holt,Consumer
373,JH16180,Justin Hirsh,Consumer
374,JJ15445,Jennifer Jackson,Consumer
375,JJ15760,Joel Jenkins,Home Office
376,JK15205,Jamie Kunitz,Consumer
377,JK15325,Jason Klamczynski,Corporate
378,JK15370,Jay Kimmel,Consumer
379,JK15625,Jim Karlsson,Consumer
380,JK15640,Jim Kriz,Home Office
381,JK15730,Joe Kamberova,Consumer
382,JK16090,Juliana Krohn,Consumer
383,JK16120,Julie Kriz,Home Office
384,JL15130,Jack Lebron,Consumer
385,JL15175,James Lanier,Home Office
386,JL15235,Janet Lee,Consumer
387,JL15505,Jeremy Lonsdale,Consumer
388,JL15835,John Lee,Consumer
389,JL15850,John Lucas,Consumer
390,JM15250,Janet Martin,Consumer
391,JM15265,Janet Molinari,Corporate
392,JM15535,Jessica Myrick,Consumer
393,JM15580,Jill Matthias,Consumer
394,JM15655,Jim Mitchum,Corporate
395,JM15865,John Murray,Consumer
396,JM16195,Justin MacKendrick,Consumer
397,JO15145,Jack O'Briant,Corporate
398,JO15280,Jas O'Carroll,Consumer
399,JO15550,Jesus Ocampo,Home Office
400,JP15460,Jennifer Patt,Corporate
401,JP15520,Jeremy Pistek,Consumer
402,JP16135,Julie Prescott,Home Office
403,JR15670,Jim Radford,Consumer
404,JR15700,Jocasta Rupert,Consumer
405,JR16210,Justin Ritter,Corporate
406,JS15595,Jill Stevenson,Corporate
407,JS15685,Jim Sink,Corporate
408,JS15880,John Stevenson,Consumer
409,JS15940,Joni Sundaresam,Home Office
410,JS16030,Joy Smith,Consumer
411,JW15220,Jane Waco,Corporate
412,JW15955,Joni Wasserman,Consumer
413,JW16075,Julia West,Consumer
414,KA16525,Kelly Andreada,Consumer
415,KB16240,Karen Bern,Corporate
416,KB16315,Karl Braun,Consumer
417,KB16405,Katrina Bavinger,Home Office
418,KB16585,Ken Black,Corporate
419,KB16600,Ken Brennan,Corporate
420,KC16255,Karen Carlisle,Corporate
421,KC16540,Kelly Collister,Consumer
422,KC16675,Kimberly Carter,Corporate
423,KD16270,Karen Daniels,Consumer
424,KD16345,Katherine Ducich,Consumer
425,KD16495,Keith Dawkins,Corporate
426,KD16615,Ken Dana,Corporate
427,KE16420,Katrina Edelman,Corporate
428,KF16285,Karen Ferguson,Home Office
429,KH16330,Katharine Harms,Corporate
430,KH16360,Katherine Hughes,Consumer
431,KH16510,Keith Herrera,Consumer
432,KH16630,Ken Heidel,Corporate
433,KH16690,Kristen Hastings,Corporate
434,KL16555,Kelly Lampkin,Corporate
435,KL16645,Ken Lonsdale,Consumer
436,KM16225,Kalyca Meade,Corporate
437,KM16375,Katherine Murray,Home Office
438,KM16660,Khloe Miller,Consumer
439,KM16720,Kunst Miller,Consumer
440,KN16390,Katherine Nockton,Corporate
441,KN16450,Kean Nguyen,Corporate
442,KN16705,Kristina Nunn,Home Office
443,KS16300,Karen Seio,Corporate
444,KT16465,Kean Takahito,Consumer
445,KT16480,Kean Thornton,Consumer
446,KW16435,Katrina Willman,Consumer
447,KW16570,Kelly Williams,Consumer
448,LA16780,Laura Armstrong,Corporate
449,LB16735,Larry Blacks,Consumer
450,LB16795,Laurel Beltran,Home Office
451,LC16870,Lena Cacioppo,Consumer
452,LC16885,Lena Creighton,Consumer
453,LC16930,Linda Cazamias,Corporate
454,LC16960,Lindsay Castell,Home Office
455,LC17050,Liz Carlisle,Consumer
456,LC17140,Logan Currie,Consumer
457,LD16855,Lela Donovan,Corporate
458,LD17005,Lisa DeCherney,Consumer
459,LE16810,Laurel Elliston,Consumer
460,LF17185,Luke Foster,Consumer
461,LH16750,Larry Hughes,Consumer
462,LH16900,Lena Hernandez,Consumer
463,LH17020,Lisa Hazard,Consumer
464,LH17155,Logan Haushalter,Consumer
465,LL16840,Lauren Leatherbury,Consumer
466,LM17065,Liz MacKendrick,Consumer
467,LO17170,Lori Olson,Corporate
468,LP17080,Liz Pelletier,Consumer
469,LP17095,Liz Preis,Consumer
470,LR16915,Lena Radford,Consumer
471,LR17035,Lisa Ryan,Corporate
472,LS16945,Linda Southworth,Corporate
473,LS16975,Lindsay Shagiari,Home Office
474,LS17200,Luke Schmidt,Corporate
475,LS17230,Lycoris Saunders,Consumer
476,LS17245,Lynn Smith,Consumer
477,LT16765,Larry Tron,Consumer
478,LT17110,Liz Thompson,Consumer
479,LW16825,Laurel Workman,Corporate
480,LW16990,Lindsay Williams,Corporate
481,LW17125,Liz Willingham,Consumer
482,LW17215,Luke Weiss,Consumer
483,MA17560,Matt Abelman,Home Office
484,MA17995,Michelle Arnett,Home Office
485,MB17305,Maria Bertelson,Consumer
486,MB18085,Mick Brown,Consumer
487,MC17275,Marc Crier,Consumer
488,MC17425,Mark Cousins,Corporate
489,MC17575,Matt Collins,Consumer
490,MC17590,Matt Collister,Corporate
491,MC17605,Matt Connell,Corporate
492,MC17635,Matthew Clasen,Corporate
493,MC17845,Michael Chen,Consumer
494,MC18100,Mick Crebagga,Consumer
495,MC18130,Mike Caudle,Corporate
496,MD17350,Maribeth Dona,Consumer
497,MD17860,Michael Dominguez,Corporate
498,ME17320,Maria Etezadi,Home Office
499,ME17725,Max Engle,Consumer
500,ME18010,Michelle Ellison,Corporate
501,MF17665,Maureen Fritzler,Corporate
502,MF18250,Monica Federle,Corporate
503,MG17650,Matthew Grinstein,Home Office
504,MG17680,Maureen Gastineau,Home Office
505,MG17695,Maureen Gnade,Consumer
506,MG17875,Michael Grace,Home Office
507,MG17890,Michael Granlund,Home Office
508,MG18145,Mike Gockenbach,Consumer
509,MG18205,Mitch Gastineau,Corporate
510,MH17290,Marc Harrigan,Home Office
511,MH17440,Mark Haberlin,Corporate
512,MH17455,Mark Hamilton,Consumer
513,MH17620,Matt Hagelstein,Corporate
514,MH17785,Maya Herman,Corporate
515,MH18025,Michelle Huthwaite,Consumer
516,MH18115,Mick Hernandez,Home Office
517,MJ17740,Max Jones,Consumer
518,MK17905,Michael Kennedy,Corporate
519,MK18160,Mike Kennedy,Consumer
520,ML17395,Marina Lichtenstein,Corporate
521,ML17410,Maris LaWare,Consumer
522,ML17755,Max Ludwig,Home Office
523,ML18040,Michelle Lonsdale,Corporate
524,ML18265,Muhammed Lee,Consumer
525,MM17260,Magdelene Morse,Consumer
526,MM17920,Michael Moore,Consumer
527,MM18055,Michelle Moray,Consumer
528,MM18280,Muhammed MacIntyre,Corporate
529,MN17935,Michael Nguyen,Consumer
530,MO17500,Mary O'Rourke,Consumer
531,MO17800,Meg O'Connel,Home Office
532,MO17950,Michael Oakman,Consumer
533,MP17470,Mark Packer,Home Office
534,MP17965,Michael Paige,Corporate
535,MP18175,Mike Pelletier,Home Office
536,MR17545,Mathew Reese,Home Office
537,MS17365,Maribeth Schnelling,Consumer
538,MS17530,MaryBeth Skach,Consumer
539,MS17710,Maurice Satty,Consumer
540,MS17770,Maxwell Schwartz,Consumer
541,MS17830,Melanie Seite,Consumer
542,MS17980,Michael Stewart,Corporate
543,MT17815,Meg Tillman,Consumer
544,MT18070,Michelle Tran,Home Office
545,MV17485,Mark Van Huff,Consumer
546,MV18190,Mike Vittorini,Consumer
547,MW18220,Mitch Webber,Consumer
548,MW18235,Mitch Willingham,Corporate
549,MY17380,Maribeth Yedwab,Corporate
550,MY18295,Muhammed Yedwab,Corporate
551,MZ17335,Maria Zettner,Home Office
552,MZ17515,Mary Zewe,Corporate
553,NB18580,Nicole Brennan,Corporate
554,NB18655,Nona Balk,Corporate
555,NC18340,Nat Carroll,Consumer
556,NC18415,Nathan Cano,Consumer
557,NC18535,Nick Crebassa,Corporate
558,NC18625,Noah Childs,Corporate
559,ND18370,Natalie DeCherney,Consumer
560,ND18460,Neil Ducich,Corporate
561,NF18385,Natalie Fritzler,Consumer
562,NF18475,Neil Französisch,Home Office
563,NF18595,Nicole Fjeld,Home Office
564,NG18355,Nat Gilpin,Corporate
565,NG18430,Nathan Gelder,Consumer
566,NH18610,Nicole Hansen,Corporate
567,NK18490,Neil Knudson,Home Office
568,NL18310,Nancy Lomonaco,Home Office
569,NM18445,Nathan Mautz,Home Office
570,NM18520,Neoma Murray,Consumer
571,NP18325,Naresj Patel,Consumer
572,NP18670,Nora Paige,Consumer
573,NP18685,Nora Pelletier,Home Office
574,NP18700,Nora Preis,Consumer
575,NR18550,Nick Radford,Consumer
576,NS18505,Neola Schneider,Consumer
577,NS18640,Noel Staavos,Corporate
578,NW18400,Natalie Webber,Consumer
579,NZ18565,Nick Zandusky,Home Office
580,ON18715,Odella Nelson,Corporate
581,OT18730,Olvera Toch,Consumer
582,PA19060,Pete Armstrong,Home Office
583,PB18805,Patrick Bzostek,Home Office
584,PB19105,Peter Bühler,Consumer
585,PB19150,Philip Brown,Consumer
586,PB19210,Phillip Breyer,Corporate
587,PC18745,Pamela Coakley,Corporate
588,PC19000,Pauline Chand,Home Office
589,PF19120,Peter Fuller,Consumer
590,PF19165,Philip Fox,Consumer
591,PF19225,Phillip Flathmann,Consumer
592,PG18820,Patrick Gardner,Consumer
593,PG18895,Paul Gonzalez,Consumer
594,PH18790,Patricia Hirasaki,Home Office
595,PJ18835,Patrick Jones,Corporate
596,PJ19015,Pauline Johnson,Consumer
597,PK18910,Paul Knutson,Home Office
598,PK19075,Pete Kriz,Consumer
599,PL18925,Paul Lucas,Home Office
600,PM18940,Paul MacIntyre,Consumer
601,PM19135,Peter McVee,Home Office
602,PN18775,Parhena Norris,Home Office
603,PO18850,Patrick O'Brill,Consumer
604,PO18865,Patrick O'Donnell,Consumer
605,PO19180,Philisse Overcash,Home Office
606,PO19195,Phillina Ober,Home Office
607,PP18955,Paul Prost,Home Office
608,PR18880,Patrick Ryan,Consumer
609,PS18760,Pamela Stobb,Consumer
610,PS18970,Paul Stevenson,Home Office
611,PS19045,Penelope Sewall,Home Office
612,PT19090,Pete Takahito,Consumer
613,PV18985,Paul Van Hugh,Home Office
614,PW19030,Pauline Webber,Corporate
615,PW19240,Pierre Wener,Consumer
616,QJ19255,Quincy Jones,Corporate
617,RA19285,Ralph Arnett,Consumer
618,RA19885,Ruben Ausman,Corporate
619,RA19915,Russell Applegate,Consumer
620,RA19945,Ryan Akin,Consumer
621,RB19330,Randy Bradley,Consumer
622,RB19360,Raymond Buch,Consumer
623,RB19435,Richard Bierner,Consumer
624,RB19465,Rick Bensley,Home Office
625,RB19570,Rob Beeghly,Consumer
626,RB19645,Robert Barroso,Corporate
627,RB19705,Roger Barcio,Home Office
628,RB19795,Ross Baird,Home Office
629,RC19825,Roy Collins,Consumer
630,RC19960,Ryan Crowe,Consumer
631,RD19480,Rick Duston,Consumer
632,RD19585,Rob Dowd,Consumer
633,RD19660,Robert Dilbeck,Home Office
634,RD19720,Roger Demir,Consumer
635,RD19810,Ross DeVincentis,Home Office
636,RD19900,Ruben Dartt,Consumer
637,RD19930,Russell D'Ascenzo,Consumer
638,RE19405,Ricardo Emerson,Consumer
639,RE19450,Richard Eichhorn,Consumer
640,RF19345,Randy Ferguson,Corporate
641,RF19735,Roland Fjeld,Consumer
642,RF19840,Roy Französisch,Consumer
643,RH19495,Rick Hansen,Consumer
644,RH19510,Rick Huthwaite,Home Office
645,RH19555,Ritsa Hightower,Consumer
646,RH19600,Rob Haberlin,Consumer
647,RK19300,Ralph Kennedy,Consumer
648,RL19615,Rob Lucas,Consumer
649,RM19375,Raymond Messe,Consumer
650,RM19675,Robert Marley,Home Office
651,RM19750,Roland Murray,Consumer
652,RO19780,Rose O'Brian,Consumer
653,RP19270,Rachel Payne,Corporate
654,RP19390,Resi Pölking,Consumer
655,RP19855,Roy Phan,Corporate
656,RR19315,Ralph Ritter,Consumer
657,RR19525,Rick Reed,Corporate
658,RS19420,Ricardo Sperren,Corporate
659,RS19765,Roland Schwarz,Corporate
660,RS19870,Roy Skaria,Home Office
661,RW19540,Rick Wilson,Corporate
662,RW19630,Rob Williams,Corporate
663,RW19690,Robert Waldorf,Consumer
664,SA20830,Sue Ann Reed,Consumer
665,SB20170,Sarah Bern,Consumer
666,SB20185,Sarah Brown,Consumer
667,SB20290,Sean Braxton,Corporate
668,SC20020,Sam Craven,Consumer
669,SC20050,Sample Company A,Home Office
670,SC20095,Sanjit Chand,Consumer
671,SC20230,Scot Coram,Corporate
672,SC20260,Scott Cohen,Corporate
673,SC20305,Sean Christensen,Consumer
674,SC20380,Shahid Collister,Consumer
675,SC20440,Shaun Chance,Corporate
676,SC20575,Sonia Cooley,Consumer
677,SC20680,Steve Carroll,Home Office
678,SC20695,Steve Chapman,Corporate
679,SC20725,Steven Cartwright,Consumer
680,SC20770,Stewart Carmichael,Corporate
681,SC20800,Stuart Calhoun,Consumer
682,SC20845,Sung Chung,Consumer
683,SD20485,Shirley Daniels,Home Office
684,SE20110,Sanjit Engle,Consumer
685,SF20065,Sandra Flanagan,Consumer
686,SF20200,Sarah Foster,Consumer
687,SF20965,Sylvia Foulston,Corporate
688,SG20080,Sandra Glassco,Consumer
689,SG20470,Sheri Gordon,Consumer
690,SG20605,Speros Goranitis,Consumer
691,SG20890,Susan Gilcrest,Corporate
692,SH19975,Sally Hughsby,Corporate
693,SH20395,Shahid Hopkins,Consumer
694,SH20635,Stefanie Holloman,Corporate
695,SJ20125,Sanjit Jacobs,Home Office
696,SJ20215,Sarah Jordon,Consumer
697,SJ20500,Shirley Jackson,Consumer
698,SK19990,Sally Knutson,Consumer
699,SL20155,Sara Luxemburg,Home Office
700,SM20005,Sally Matthias,Consumer
701,SM20320,Sean Miller,Home Office
702,SM20905,Susan MacKendrick,Consumer
703,SM20950,Suzanne McNair,Corporate
704,SN20560,Skye Norling,Home Office
705,SN20710,Steve Nguyen,Home Office
706,SO20335,Sean O'Donnell,Consumer
707,SP20545,Sibella Parks,Corporate
708,SP20620,Stefania Perrino,Corporate
709,SP20650,Stephanie Phelps,Corporate
710,SP20860,Sung Pak,Corporate
711,SP20920,Susan Pistek,Consumer
712,SR20425,Sharelle Roach,Home Office
713,SR20740,Steven Roelle,Home Office
714,SS20140,Saphhira Shifley,Corporate
715,SS20410,Shahid Shariari,Consumer
716,SS20515,Shirley Schmidt,Home Office
717,SS20590,Sonia Sunley,Consumer
718,SS20875,Sung Shariari,Consumer
719,ST20530,Shui Tom,Consumer
720,SU20665,Stephanie Ulpright,Home Office
721,SV20365,Seth Vernon,Consumer
722,SV20785,Stewart Visinsky,Consumer
723,SV20815,Stuart Van,Corporate
724,SV20935,Susan Vittorini,Consumer
725,SW20245,Scot Wooten,Consumer
726,SW20275,Scott Williamson,Consumer
727,SW20350,Sean Wendt,Home Office
728,SW20455,Shaun Weien,Consumer
729,SW20755,Steven Ward,Corporate
730,SZ20035,Sam Zeldin,Home Office
731,TA21385,Tom Ashbrook,Home Office
732,TB21055,Ted Butterfield,Consumer
733,TB21175,Thomas Boland,Corporate
734,TB21190,Thomas Brumley,Home Office
735,TB21250,Tim Brockman,Consumer
736,TB21280,Toby Braunhardt,Consumer
737,TB21355,Todd Boyes,Corporate
738,TB21400,Tom Boeckenhauer,Consumer
739,TB21520,Tracy Blumstein,Consumer
740,TB21595,Troy Blackwell,Consumer
741,TB21625,Trudy Brown,Consumer
742,TC20980,Tamara Chand,Corporate
743,TC21145,Theresa Coyne,Corporate
744,TC21295,Toby Carlisle,Consumer
745,TC21475,Tony Chapman,Home Office
746,TC21535,Tracy Collins,Home Office
747,TD20995,Tamara Dahlen,Consumer
748,TG21310,Toby Gnade,Consumer
749,TG21640,Trudy Glocke,Consumer
750,TH21100,Thea Hendricks,Consumer
751,TH21115,Thea Hudgings,Corporate
752,TH21235,Tiffany House,Corporate
753,TH21550,Tracy Hopkins,Home Office
754,TM21010,Tamara Manning,Consumer
755,TM21490,Tony Molinari,Consumer
756,TN21040,Tanja Norvell,Home Office
757,TP21130,Theone Pippenger,Consumer
758,TP21415,Tom Prescott,Consumer
759,TP21565,Tracy Poddar,Corporate
760,TR21325,Toby Ritter,Consumer
761,TS21085,Thais Sissman,Consumer
762,TS21160,Theresa Swint,Corporate
763,TS21205,Thomas Seio,Corporate
764,TS21340,Toby Swindell,Consumer
765,TS21370,Todd Sumrall,Corporate
766,TS21430,Tom Stivers,Corporate
767,TS21505,Tony Sayre,Consumer
768,TS21610,Troy Staebel,Consumer
769,TS21655,Trudy Schmidt,Consumer
770,TT21070,Ted Trevino,Consumer
771,TT21220,Thomas Thornton,Consumer
772,TT21265,Tim Taslimi,Corporate
773,TT21460,Tonja Turnell,Home Office
774,TW21025,Tamara Willingham,Home Office
775,TZ21580,Tracy Zic,Consumer
776,VB21745,Victoria Brennan,Corporate
777,VD21670,Valerie Dominguez,Consumer
778,VF21715,Vicky Freymann,Home Office
779,VG21790,Vivek Gonzalez,Consumer
780,VG21805,Vivek Grady,Corporate
781,VM21685,Valerie Mitchum,Home Office
782,VM21835,Vivian Mathis,Consumer
783,VP21730,Victor Preis,Home Office
784,VP21760,Victoria Pisteka,Corporate
785,VS21820,Vivek Sundaresam,Consumer
786,VT21700,Valerie Takahito,Home Office
787,VW21775,Victoria Wilson,Corporate
788,WB21850,William Brown,Consumer
789,XP21865,Xylona Preis,Consumer
790,YC21895,Yoseph Carroll,Corporate
791,YS21880,Yana Sorensen,Corporate
792,ZC21910,Zuschuss Carroll,Consumer
793,ZD21925,Zuschuss Donatelli,Consumer
